"Фильм","Всего_заказов"
"Juggler Hardly","29"
"Scalawag Duck","29"
"Shock Cabin","29"
"Rugrats Shakespeare","28"
"Rush Goodfellas","28"
"Bucket Brotherhood","28"
"Grit Clockwork","28"
"Dogma Family","28"
"Zorro Ark","28"
"Ridgemont Submarine","28"
"Apache Divine","28"
"Rocketeer Mother","28"
"Frost Head","28"
"Primary Glass","27"
"Sweethearts Suspects","27"
"Greatest North","27"
"Harry Idaho","27"
"Cat Coneheads","27"
"Muscle Bright","27"
"Network Peak","27"
"Suspects Quills","27"
"Spy Mile","27"
"Titans Jerk","27"
"Wife Turn","27"
"Gleaming Jawbreaker","27"
"Loathing Legally","26"
"Trip Newton","26"
"Timberland Sky","26"
"Story Side","26"
"Storm Happiness","26"
"Saturday Lambs","26"
"Robbers Joon","26"
"Pulp Beverly","26"
"Moon Bunch","26"
"Married Go","26"
"Lose Inch","26"
"Butterfly Chocolat","26"
"Invasion Cyclone","26"
"Innocent Usual","26"
"Hobbit Alien","26"
"Graffiti Love","26"
"Giant Troopers","26"
"Forward Temple","26"
"Forrester Comancheros","26"
"Family Sweet","26"
"Expendable Stallion","26"
"English Bulworth","26"
"Bingo Talented","25"
"Voyage Legally","25"
"Virginian Pluto","25"
"Oscar Gold","25"
"Pocus Pulp","25"
"Operation Operation","25"
"Boogie Amelie","25"
"None Spiking","25"
"Deer Virginian","25"
"Telegraph Voyage","25"
"Westward Seabiscuit","25"
"Goodfellas Salute","25"
"Witches Panic","25"
"Horror Reign","25"
"Enemy Odds","25"
"Massacre Usual","25"
"Idols Snatchers","24"
"Handicap Boondock","24"
"Telemark Heartbreakers","24"
"Samurai Lion","24"
"Gilmore Boiled","24"
"Dancing Fever","24"
"Confidential Interview","24"
"Tracy Cider","24"
"Goldmine Tycoon","24"
"Bound Cheaper","24"
"Tomorrow Hustler","24"
"Metropolis Coma","24"
"Tights Dawn","24"
"Detective Vision","24"
"Talented Homicide","24"
"Chance Resurrection","24"
"Contact Anonymous","24"
"Videotape Arsenic","24"
"Closer Bang","24"
"Coneheads Smoochy","24"
"Durham Panky","24"
"Lies Treatment","24"
"Curtain Videotape","24"
"Seabiscuit Punk","24"
"Fellowship Autumn","24"
"Camelot Vacation","24"
"Princess Giant","24"
"Stagecoach Armageddon","23"
"Shootist Superfly","23"
"Shepherd Midsummer","23"
"Torque Bound","23"
"Clash Freddy","23"
"Trading Pinocchio","23"
"Roses Treasure","23"
"Wardrobe Phantom","23"
"Velvet Terminator","23"
"Range Moonwalker","23"
"Blackout Private","23"
"Pity Bound","23"
"Pelican Comforts","23"
"Alaska Phantom","23"
"Movie Shakespeare","23"
"Fatal Haunted","23"
"Dynamite Tarzan","23"
"Malkovich Pet","23"
"Brotherhood Blanket","23"
"Madness Attacks","23"
"Lola Agent","23"
"Jason Trap","23"
"Island Exorcist","23"
"Escape Metropolis","23"
"Clueless Bucket","23"
"Caper Motions","23"
"Hyde Doctor","23"
"Carrie Bunch","23"
"Hurricane Affair","23"
"Horn Working","23"
"Aladdin Calendar","23"
"Hanky October","23"
"Disturbing Scarface","23"
"Earth Vision","23"
"Swarm Gold","23"
"Arachnophobia Rollercoaster","23"
"Sun Confessions","23"
"Strictly Scarface","23"
"Streetcar Intentions","23"
"Coma Head","23"
"Grapes Fury","22"
"Mockingbird Hollywood","22"
"Cupboard Sinners","22"
"Name Detective","22"
"Alamo Videotape","22"
"Orange Grapes","22"
"Oz Liaisons","22"
"Strangelove Desire","22"
"Gangs Pride","22"
"Dorado Notting","22"
"Color Philadelphia","22"
"Fish Opus","22"
"Show Lord","22"
"Working Microcosmos","22"
"Sleeping Suspects","22"
"Flamingos Connecticut","22"
"Barbarella Streetcar","22"
"Sunrise League","22"
"Titanic Boondock","22"
"Steel Santa","22"
"Heavyweights Beast","22"
"Drifter Commandments","22"
"Slums Duck","22"
"Hustler Party","22"
"Balloon Homeward","22"
"Ice Crossing","22"
"Maiden Home","22"
"Half Outfield","22"
"Mallrats United","22"
"Attraction Newton","22"
"Academy Dinosaur","21"
"Affair Prejudice","21"
"Amistad Midsummer","21"
"Arizona Bang","21"
"Atlantis Cause","21"
"Badman Dawn","21"
"Beauty Grease","21"
"Beverly Outlaw","21"
"Celebrity Horn","21"
"Center Dinosaur","21"
"Chill Luck","21"
"Crooked Frogmen","21"
"Double Wrath","21"
"Downhill Enough","21"
"Effect Gladiator","21"
"Fantasy Troopers","21"
"Fargo Gandhi","21"
"Fool Mockingbird","21"
"Freddy Storm","21"
"Goldfinger Sensibility","21"
"Gun Bonnie","21"
"Gunfight Moon","21"
"Head Stranger","21"
"High Encino","21"
"Hills Neighbors","21"
"Jumping Wrath","21"
"Kiss Glory","21"
"Knock Warlock","21"
"Liaisons Sweet","21"
"Maltese Hope","21"
"Metal Armageddon","21"
"Murder Antitrust","21"
"Nightmare Chill","21"
"Patton Interview","21"
"Philadelphia Wife","21"
"Pianist Outfield","21"
"Queen Luke","21"
"Roman Punk","21"
"Sabrina Midnight","21"
"Scorpion Apollo","21"
"Snowman Rollercoaster","21"
"South Wait","21"
"Splendor Patton","21"
"Wedding Apollo","21"
"Wind Phantom","21"
"Wolves Desire","21"
"Wonderland Christmas","21"
"Yentl Idaho","21"
"Snatch Slipper","20"
"Divide Monster","20"
"Banger Pinocchio","20"
"Easy Gladiator","20"
"Karate Moon","20"
"Deceiver Betrayed","20"
"Alter Victory","20"
"Money Harold","20"
"Amadeus Holy","20"
"Basic Easy","20"
"Alien Center","20"
"House Dynamite","20"
"Heartbreakers Bright","20"
"Dream Pickup","20"
"Moonshine Cabin","20"
"Shakespeare Saddle","20"
"Borrowers Bedazzled","20"
"Others Soup","20"
"Packer Madigan","20"
"Kwai Homeward","20"
"Angels Life","20"
"Haunting Pianist","20"
"Salute Apollo","20"
"Grease Youth","20"
"Excitement Eve","20"
"Wash Heavenly","20"
"Fight Jawbreaker","20"
"Crossroads Casualties","20"
"Armageddon Lost","20"
"Blade Polish","20"
"Feud Frogmen","20"
"Gentlemen Stage","20"
"Quest Mussolini","20"
"Harper Dying","20"
"Candles Grapes","20"
"Redemption Comforts","20"
"Sting Personal","20"
"Whisperer Giant","20"
"Star Operation","20"
"Truman Crazy","20"
"Women Dorado","20"
"Wrong Behavior","20"
"Trouble Date","20"
"Canyon Stock","19"
"Chasing Fight","19"
"Chariots Conspiracy","19"
"Undefeated Dalmations","19"
"Unbreakable Karate","19"
"Highball Potter","19"
"Hellfighters Sierra","19"
"Agent Truman","19"
"Cause Date","19"
"Chainsaw Uptown","19"
"Desert Poseidon","19"
"Dracula Crystal","19"
"Tourist Pelican","19"
"American Circus","19"
"Driving Polish","19"
"Annie Identity","19"
"Suit Walls","19"
"Straight Hours","19"
"Stepmom Dream","19"
"Spice Sorority","19"
"Eagles Panky","19"
"Sleuth Orient","19"
"Egg Igby","19"
"Sinners Atlantis","19"
"Bear Graceland","19"
"Shawshank Bubble","19"
"Empire Malkovich","19"
"Encino Elf","19"
"Secret Groundhog","19"
"Seattle Expecations","19"
"Sea Virgin","19"
"Berets Agent","19"
"River Outlaw","19"
"Resurrection Silverado","19"
"Dinosaur Secretary","19"
"Fantasia Park","19"
"Reign Gentlemen","19"
"Rage Games","19"
"Prejudice Oleander","19"
"Fiction Christmas","19"
"Fireball Philadelphia","19"
"Flatliners Killer","19"
"Flying Hook","19"
"Pacific Amistad","19"
"Open African","19"
"Mourning Purple","19"
"Congeniality Quest","19"
"Minds Truman","19"
"Masked Bubble","19"
"Christmas Moonshine","19"
"Bringing Hysterical","19"
"Ghost Groundhog","19"
"Brooklyn Desert","19"
"Chocolat Harry","19"
"Jerk Paycheck","19"
"Volcano Texas","19"
"Intrigue Worst","19"
"Chicken Hellfighters","19"
"Vacation Boondock","19"
"Disciple Mother","18"
"Outfield Massacre","18"
"Outbreak Divine","18"
"Secrets Paradise","18"
"Blues Instinct","18"
"Tramp Others","18"
"Novocaine Flight","18"
"Northwest Polish","18"
"Coast Rainbow","18"
"Homicide Peach","18"
"Encounters Curtain","18"
"Jedi Beneath","18"
"Sleepy Japanese","18"
"Independence Hotel","18"
"Details Packer","18"
"Wait Cider","18"
"Midsummer Groundhog","18"
"Bride Intrigue","18"
"Calendar Gunfight","18"
"Inch Jet","18"
"Garden Island","18"
"Something Duck","18"
"Requiem Tycoon","18"
"Doors President","18"
"Falcon Volume","18"
"Sundance Invasion","18"
"Reunion Witches","18"
"Pond Seattle","18"
"Hours Rage","18"
"Bill Others","18"
"Fidelity Devil","18"
"Dalmations Sweden","18"
"Pirates Roxanne","18"
"Pinocchio Simon","18"
"Interview Liaisons","18"
"Peak Forever","18"
"Wonka Sea","18"
"Patient Sister","18"
"Insects Stone","18"
"Paradise Sabrina","18"
"Room Roman","18"
"Lebowski Soldiers","18"
"Secretary Rouge","18"
"Anaconda Confessions","18"
"Music Boondock","17"
"Doom Dancing","17"
"Earring Instinct","17"
"Weekend Personal","17"
"Expecations Natural","17"
"Club Graffiti","17"
"Clones Pinocchio","17"
"Flintstones Happiness","17"
"Forrest Sons","17"
"Cider Desire","17"
"Fury Murder","17"
"Gables Metropolis","17"
"Go Purple","17"
"Gorgeous Bingo","17"
"Cheaper Clyde","17"
"Greek Everyone","17"
"Groove Fiction","17"
"Hope Tootsie","17"
"Hunchback Impossible","17"
"Carol Texas","17"
"Igby Maker","17"
"Candidate Perdition","17"
"Insider Arizona","17"
"Instinct Airport","17"
"Intentions Empire","17"
"Campus Remember","17"
"Jet Neighbors","17"
"Kick Savannah","17"
"Kissing Dolls","17"
"League Hellfighters","17"
"Lion Uncut","17"
"Mars Roman","17"
"Million Ace","17"
"Mine Titans","17"
"National Story","17"
"Neighbors Charade","17"
"Orient Closer","17"
"Pollock Deliverance","17"
"Poseidon Forever","17"
"Birds Perdition","17"
"Racer Egg","17"
"Remember Diary","17"
"Road Roxanne","17"
"Rock Instinct","17"
"Roxanne Rebel","17"
"Barefoot Manchurian","17"
"Sleepless Monsoon","17"
"Smoking Barbarella","17"
"Taxi Kick","17"
"Alone Trip","17"
"Trojan Tomorrow","17"
"Vanishing Rocky","17"
"Voice Peach","17"
"Conversation Downhill","17"
"Darn Forrester","17"
"Dawn Pond","17"
"Unforgiven Zoolander","16"
"Jekyll Frogmen","16"
"Confused Candles","16"
"Jericho Mulan","16"
"Varsity Trip","16"
"Lady Stage","16"
"Virgin Daisy","16"
"Waterfront Deliverance","16"
"Joon Northwest","16"
"Homeward Cider","16"
"Eyes Driving","16"
"Perfect Groove","16"
"Cleopatra Devil","16"
"Paycheck Wait","16"
"Core Suit","16"
"Backlash Undefeated","16"
"Slacker Liaisons","16"
"French Holiday","16"
"Satisfaction Confidential","16"
"Attacks Hate","16"
"Newton Labyrinth","16"
"Boulevard Mob","16"
"Moulin Wake","16"
"Scarface Bang","16"
"Enough Raging","16"
"Sweden Shining","16"
"Breakfast Goldfinger","16"
"Mission Zoolander","16"
"Thief Pelican","16"
"Holocaust Highball","16"
"Driver Annie","16"
"Galaxy Sweethearts","16"
"Egypt Tenenbaums","16"
"Midnight Westward","16"
"Creatures Shakespeare","16"
"Honey Ties","16"
"Command Darling","16"
"Gaslight Crusade","16"
"Reap Unfaithful","16"
"Jacket Frisco","16"
"Coldblooded Darling","16"
"Hall Cassidy","16"
"Casablanca Super","16"
"Louisiana Harry","16"
"Bull Shawshank","16"
"Rouge Squad","16"
"Patriot Roman","15"
"Holiday Games","15"
"Worst Banger","15"
"Chicago North","15"
"Holes Brannigan","15"
"Heaven Freedom","15"
"Willow Tracy","15"
"Jade Bunch","15"
"Hanging Deep","15"
"Airport Pollock","15"
"Divine Resurrection","15"
"Wizard Coldblooded","15"
"Human Graffiti","15"
"Watch Tracy","15"
"Lawless Vision","15"
"United Pilot","15"
"Love Suicides","15"
"Lust Lock","15"
"Trap Guys","15"
"Majestic Floats","15"
"Destiny Saturday","15"
"Mermaid Insects","15"
"Hysterical Grail","15"
"Idaho Love","15"
"Mummy Creatures","15"
"Musketeers Wait","15"
"Sugar Wonka","15"
"Zoolander Fiction","15"
"Noon Papi","15"
"Bonnie Holocaust","15"
"Whale Bikini","15"
"Steers Armageddon","15"
"Airplane Sierra","15"
"Baked Cleopatra","15"
"Comforts Rush","15"
"Pickup Driving","15"
"Polish Brooklyn","15"
"Potter Connecticut","15"
"Ferris Mother","15"
"Pride Alamo","15"
"Dying Maker","15"
"Pure Runner","15"
"Rear Trading","15"
"Silence Kane","15"
"Factory Dragon","15"
"Sierra Divide","15"
"Indian Love","15"
"Freaky Pocus","14"
"Cabin Flash","14"
"Daisy Menagerie","14"
"Troopers Metal","14"
"Grinch Massage","14"
"Wanda Chamber","14"
"Bikini Borrowers","14"
"Siege Madre","14"
"Strangers Graffiti","14"
"Artist Coldblooded","14"
"Monster Spartacus","14"
"Nemo Campus","14"
"Teen Apollo","14"
"Necklace Outbreak","14"
"Cyclone Family","14"
"Craft Outfield","14"
"West Lion","14"
"Caddyshack Jedi","14"
"Motions Details","14"
"Summer Scarface","14"
"Sons Interview","14"
"Army Flintstones","14"
"Loser Hustler","14"
"Beach Heartbreakers","14"
"Hanover Galaxy","14"
"Ship Wonderland","14"
"Vietnam Smoochy","14"
"Impossible Prejudice","14"
"Manchurian Curtain","14"
"Devil Desire","14"
"Shanghai Tycoon","14"
"Image Princess","14"
"Mask Peach","14"
"Slipper Fidelity","14"
"Spirit Flintstones","14"
"Pilot Hoosiers","14"
"Dragonfly Strangers","14"
"Tomatoes Hellfighters","14"
"Worker Tarzan","14"
"Lock Rear","14"
"Words Hunter","14"
"Splash Gump","14"
"Analyze Hoosiers","14"
"Stampede Disturbing","14"
"Sagebrush Clueless","14"
"Gold River","14"
"Groundhog Uncut","14"
"Roots Remember","14"
"Panther Reds","14"
"Pajama Jawbreaker","14"
"Outlaw Hanky","14"
"Searchers Wait","14"
"Circus Youth","14"
"Lonely Elephant","13"
"Jaws Harry","13"
"Hook Chariots","13"
"Chamber Italian","13"
"Lovely Jingle","13"
"Tuxedo Mile","13"
"Edge Kissing","13"
"Confessions Maguire","13"
"Madison Trap","13"
"Madre Gables","13"
"Translation Summer","13"
"Town Ark","13"
"Rocky War","13"
"Gandhi Kwai","13"
"Memento Zoolander","13"
"Entrapment Satisfaction","13"
"Charade Duffel","13"
"Wrath Mile","13"
"Anonymous Human","13"
"Model Fish","13"
"Mother Oleander","13"
"Rules Human","13"
"Drums Dynamite","13"
"Nash Chocolat","13"
"Submarine Bed","13"
"Saturn Name","13"
"Notorious Reunion","13"
"Streak Ridgemont","13"
"Odds Boogie","13"
"Dude Blindness","13"
"Stock Glass","13"
"Graduate Lord","13"
"Boiled Dares","13"
"Shrunk Divine","13"
"Betrayed Rear","13"
"Citizen Shrek","13"
"Shane Darkness","13"
"Peach Innocent","13"
"Blindness Gun","13"
"Personal Ladybugs","13"
"Rings Heartbreakers","13"
"Illusion Amelie","13"
"Spinal Rocky","13"
"Pluto Oleander","13"
"Dances None","13"
"Conquerer Nuts","13"
"Hollywood Anonymous","13"
"Dirty Ace","13"
"Virtual Spoilers","13"
"Creepers Kane","13"
"Labyrinth League","13"
"Quills Bull","13"
"Lawrence Love","13"
"Alley Evolution","13"
"Greedy Roots","13"
"Deep Crusade","13"
"Uprising Uptown","13"
"Jeepers Wedding","13"
"Uncut Suicides","13"
"Donnie Alley","13"
"Tenenbaums Command","12"
"Hamlet Wisdom","12"
"Microcosmos Paradise","12"
"Turn Star","12"
"Hunting Musketeers","12"
"Wasteland Divine","12"
"Shrek License","12"
"Usual Untouchables","12"
"Games Bowfinger","12"
"Dangerous Uptown","12"
"Tootsie Pilot","12"
"Spiking Element","12"
"Bright Encounters","12"
"Express Lonely","12"
"Tycoon Gathering","12"
"Darkness War","12"
"Bilko Anonymous","12"
"Robbery Bright","12"
"Raging Airplane","12"
"Sorority Queen","12"
"Home Pity","12"
"Hunger Roof","12"
"Smoochy Control","12"
"Super Wyoming","12"
"Evolution Alter","12"
"Arabia Dogma","12"
"Bedazzled Married","12"
"Scissorhands Slums","12"
"Natural Stock","12"
"Day Unfaithful","12"
"War Notting","12"
"Silverado Goldfinger","12"
"Born Spinal","12"
"Werewolf Lola","12"
"Kane Exorcist","12"
"Glass Dying","12"
"Sassy Packer","12"
"Identity Lover","12"
"Purple Movie","12"
"Modern Dorado","12"
"Alabama Devil","12"
"Side Ark","12"
"Minority Kiss","12"
"Forever Candidate","12"
"Exorcist Sting","12"
"Panky Submarine","12"
"State Wasteland","12"
"Flight Lies","12"
"Paris Weekend","12"
"Date Speed","12"
"Party Knock","12"
"Past Suicides","12"
"Flash Wars","12"
"Valley Packer","12"
"Theory Mermaid","11"
"Cincinatti Whisperer","11"
"Moonwalker Fool","11"
"Thin Sagebrush","11"
"Adaptation Holes","11"
"Dragon Squad","11"
"Rider Caddyshack","11"
"Window Side","11"
"Speakeasy Date","11"
"Vampire Whale","11"
"Mile Mulan","11"
"California Birds","11"
"Frida Slipper","11"
"Connecticut Tramp","11"
"Wyoming Storm","11"
"Sweet Brotherhood","11"
"Daddy Pittsburgh","11"
"Everyone Craft","11"
"Monterey Labyrinth","11"
"Birch Antitrust","11"
"Loverboy Attacks","11"
"Liberty Magnificent","11"
"Behavior Runaway","11"
"Anthem Luke","11"
"Opposite Necklace","11"
"Saddle Antitrust","11"
"Mulan Moon","11"
"Fugitive Maguire","11"
"African Egg","11"
"Gunfighter Mussolini","11"
"Meet Chocolate","11"
"Magnolia Forrester","11"
"Massage Image","11"
"Bowfinger Gables","11"
"Jingle Sagebrush","11"
"Pittsburgh Hunchback","11"
"Reef Salute","11"
"Twisted Pirates","11"
"Beethoven Exorcist","11"
"Crow Grease","11"
"Mosquito Armageddon","11"
"Uptown Young","10"
"Iron Moon","10"
"Jeopardy Encino","10"
"Chisum Behavior","10"
"Lambs Cincinatti","10"
"Language Cowboy","10"
"Lord Arizona","10"
"Lost Bird","10"
"Lucky Flying","10"
"Maker Gables","10"
"Gathering Calendar","10"
"Breaking Home","10"
"Mighty Luck","10"
"Mob Duffel","10"
"Frogmen Breaking","10"
"October Submarine","10"
"Opus Ice","10"
"Paths Control","10"
"Finding Anaconda","10"
"Blanket Beverly","10"
"Fiddler Lost","10"
"Potluck Mixed","10"
"Prix Undefeated","10"
"Clockwork Paradise","10"
"Right Cranes","10"
"Darko Dorado","10"
"Beneath Rush","10"
"Santa Paris","10"
"Savannah Town","10"
"Sensibility Rear","10"
"Ending Crowds","10"
"Beast Hunchback","10"
"Elephant Trojan","10"
"Element Freddy","10"
"Smile Earring","10"
"Song Hedwig","10"
"Spirited Casualties","10"
"Stage World","10"
"Stone Fire","10"
"Autumn Crow","10"
"Stranger Strangers","10"
"Drumline Cyclone","10"
"Temple Attraction","10"
"Amelie Hellfighters","10"
"Valentine Vanishing","10"
"Wars Pluto","10"
"Champion Flatliners","10"
"Hedwig Alter","10"
"Doubtfire Labyrinth","9"
"Trainspotting Strangers","9"
"Bird Independence","9"
"Towers Hurricane","9"
"Won Dares","9"
"Crazy Home","9"
"Rollercoaster Bringing","9"
"Ties Hunger","9"
"Snatchers Montezuma","9"
"Mod Secretary","9"
"Random Go","9"
"Wagon Jaws","9"
"Spartacus Cheaper","9"
"Victory Academy","9"
"Oleander Clue","9"
"Monsoon Cause","9"
"Feathers Metal","9"
"Lover Truman","9"
"Reservoir Adaptation","9"
"Nuts Ties","9"
"Notting Speakeasy","9"
"North Tequila","9"
"Montezuma Command","9"
"Frisco Forrest","9"
"Daughter Madigan","9"
"Wisdom Worker","9"
"Vanilla Day","9"
"Birdcage Casper","9"
"Ali Forever","9"
"Kramer Chocolate","9"
"Cranes Reservoir","9"
"Brannigan Sunrise","9"
"Superfly Trip","9"
"Run Pacific","9"
"Lolita World","9"
"Jawbreaker Brooklyn","9"
"Bugsy Song","9"
"Gilbert Pelican","9"
"Maguire Apache","9"
"Spoilers Hellfighters","9"
"Mystic Truman","8"
"Life Twisted","8"
"Casualties Encino","8"
"Guys Falcon","8"
"Legend Jedi","8"
"Legally Secretary","8"
"Vertigo Northwest","8"
"Chaplin License","8"
"Speed Suit","8"
"Chitty Lock","8"
"Dwarfs Alter","8"
"Godfather Diary","8"
"Diary Panic","8"
"King Evolution","8"
"Platoon Instinct","8"
"Jungle Closer","8"
"Reds Pocus","8"
"Hoosiers Birdcage","8"
"Jumanji Blade","8"
"Halloween Nuts","8"
"Hotel Happiness","8"
"Hollow Jeopardy","8"
"Desire Alien","8"
"Pet Haunting","8"
"World Leathernecks","8"
"Runner Madigan","8"
"Gosford Donnie","8"
"Holy Tadpole","8"
"Shining Roses","8"
"Grosse Wonderful","8"
"Destination Jerk","8"
"Wonderful Drop","8"
"Impact Aladdin","8"
"Saints Bride","8"
"Anything Savannah","8"
"Tarzan Videotape","8"
"Grail Frankenstein","8"
"Gone Trouble","8"
"Dares Pluto","8"
"Miracle Virtual","8"
"Clyde Theory","8"
"Drop Waterfront","8"
"Matrix Snowman","8"
"Caribbean Liberty","8"
"Magnificent Chitty","8"
"Madigan Dorado","8"
"Darling Breaking","8"
"Dolls Rage","8"
"Unfaithful Kill","8"
"Luke Mummy","7"
"Sense Greek","7"
"Luck Opus","7"
"Papi Necklace","7"
"Zhivago Core","7"
"Rebel Airport","7"
"Records Zorro","7"
"Soldiers Evolution","7"
"Maude Mod","7"
"Casper Dragonfly","7"
"Crusade Honey","7"
"Bulworth Commandments","7"
"Eve Resurrection","7"
"Ballroom Mockingbird","7"
"Ghostbusters Elf","7"
"Runaway Tenenbaums","7"
"Young Language","7"
"Clue Grail","7"
"Intolerable Intentions","7"
"Squad Fish","7"
"Bang Kwai","7"
"Cowboy Doom","7"
"Ace Goldfinger","7"
"Mulholland Beast","7"
"Elizabeth Shane","7"
"Sunset Racer","7"
"Fire Wolves","7"
"Lights Deer","7"
"Antitrust Tomatoes","7"
"Magic Mallrats","7"
"Untouchables Sunrise","7"
"Newsies Story","7"
"Baby Hall","7"
"Blood Argonauts","7"
"Harold French","7"
"Vanished Garden","7"
"Punk Divorce","7"
"Soup Wisdom","7"
"Panic Club","7"
"Italian African","6"
"Extraordinary Conquerer","6"
"Simon North","6"
"Sling Luke","6"
"Clerks Angels","6"
"Early Home","6"
"Comancheros Enemy","6"
"President Bang","6"
"Pizza Jumanji","6"
"Phantom Glory","6"
"Stallion Sundance","6"
"Park Citizen","6"
"Dumbo Lust","6"
"Duffel Apocalypse","6"
"Oklahoma Jumanji","6"
"Graceland Dynamite","6"
"Frontier Cabin","6"
"Desperate Trainspotting","6"
"Tequila Past","6"
"Terminator Club","6"
"Texas Watch","6"
"Control Anthem","6"
"Menagerie Rushmore","6"
"Dozen Lion","6"
"Bubble Grosse","6"
"Treatment Jekyll","6"
"Watership Frontier","6"
"Cruelty Unforgiven","6"
"License Weekend","6"
"Lesson Cleopatra","6"
"Leathernecks Dwarfs","6"
"Ladybugs Armageddon","6"
"Vision Torque","6"
"Killer Innocent","6"
"Warlock Werewolf","6"
"Jersey Sassy","6"
"Happiness United","6"
"Japanese Run","6"
"Haunted Antitrust","6"
"Hawk Chill","6"
"Ishtar Rocketeer","6"
"Heavenly Gun","6"
"Wild Apollo","6"
"Cassidy Wyoming","6"
"Bed Highball","6"
"School Jacket","6"
"Youth Kick","6"
"Rushmore Mermaid","6"
"Elf Murder","6"
"Bunch Minds","5"
"Fever Empire","5"
"Apocalypse Flamingos","5"
"Freedom Cleopatra","5"
"Traffic Hobbit","5"
"Mannequin Worst","5"
"Private Drop","5"
"Full Flatliners","5"
"Conspiracy Spirit","5"
"Glory Tracy","5"
"Divorce Shining","5"
"Mussolini Spoilers","5"
"Duck Racer","5"
"Connection Microcosmos","5"
"Seven Swarm","5"
"Doctor Grail","5"
"Informer Double","5"
"Hunter Alter","5"
"Braveheart Human","5"
"Train Bunch","4"
"Mixed Doors","4"
"Hardly Robbers","4"
